period,inflation
2018T3,2.6
2018T4,2.2
2019T1,1.6
2019T2,1.1
2019T3,1.3
2019T4,1.2
2020T1,1.6
2020T2,0.4
2020T3,0.2
2020T4,0.2
2021T1,0.8
2021T2,1.8
2021T3,2.4
2021T4,3.4
2022T1,4.2
2022T2,5.8
2022T3,6.6
2022T4,7.1
2023T1,7.3
2023T2,6.0
